image_id,identity
3,LynxID2025_lynx_98
5,LynxID2025_lynx_16
12,LynxID2025_lynx_95
13,LynxID2025_lynx_28
18,LynxID2025_lynx_05
19,LynxID2025_lynx_06
27,LynxID2025_lynx_32
33,LynxID2025_lynx_62
36,LynxID2025_lynx_65
45,LynxID2025_lynx_07
46,LynxID2025_lynx_74
47,LynxID2025_lynx_05
48,LynxID2025_lynx_31
49,LynxID2025_lynx_32
55,LynxID2025_lynx_25
58,LynxID2025_lynx_40
61,LynxID2025_lynx_60
62,LynxID2025_lynx_95
63,LynxID2025_lynx_43
64,LynxID2025_lynx_32
65,LynxID2025_lynx_46
67,LynxID2025_lynx_41
68,LynxID2025_lynx_62
74,LynxID2025_lynx_43
81,LynxID2025_lynx_13
84,LynxID2025_lynx_63
85,LynxID2025_lynx_75
86,LynxID2025_lynx_62
89,LynxID2025_lynx_48
90,LynxID2025_lynx_28
94,LynxID2025_lynx_84
97,LynxID2025_lynx_43
98,LynxID2025_lynx_74
106,LynxID2025_lynx_49
113,LynxID2025_lynx_54
123,LynxID2025_lynx_62
124,LynxID2025_lynx_43
126,LynxID2025_lynx_03
131,LynxID2025_lynx_25
137,LynxID2025_lynx_95
139,LynxID2025_lynx_86
145,LynxID2025_lynx_74
150,LynxID2025_lynx_25
163,LynxID2025_lynx_95
166,LynxID2025_lynx_49
167,LynxID2025_lynx_13
168,LynxID2025_lynx_05
171,LynxID2025_lynx_16
173,LynxID2025_lynx_31
182,LynxID2025_lynx_41
183,LynxID2025_lynx_62
186,LynxID2025_lynx_32
188,LynxID2025_lynx_60
190,LynxID2025_lynx_03
192,LynxID2025_lynx_36
195,LynxID2025_lynx_62
202,LynxID2025_lynx_49
203,LynxID2025_lynx_32
205,LynxID2025_lynx_25
209,LynxID2025_lynx_74
210,LynxID2025_lynx_60
213,LynxID2025_lynx_49
216,LynxID2025_lynx_49
219,LynxID2025_lynx_62
221,LynxID2025_lynx_32
228,LynxID2025_lynx_75
231,LynxID2025_lynx_97
240,LynxID2025_lynx_05
242,LynxID2025_lynx_54
245,LynxID2025_lynx_62
264,LynxID2025_lynx_74
266,LynxID2025_lynx_88
273,LynxID2025_lynx_49
276,LynxID2025_lynx_25
280,LynxID2025_lynx_62
282,LynxID2025_lynx_62
286,LynxID2025_lynx_32
289,LynxID2025_lynx_32
293,LynxID2025_lynx_62
294,LynxID2025_lynx_49
296,LynxID2025_lynx_86
311,LynxID2025_lynx_16
312,LynxID2025_lynx_62
315,LynxID2025_lynx_25
338,LynxID2025_lynx_38
347,LynxID2025_lynx_05
357,LynxID2025_lynx_32
359,LynxID2025_lynx_97
361,LynxID2025_lynx_52
366,LynxID2025_lynx_32
368,LynxID2025_lynx_32
373,LynxID2025_lynx_49
375,LynxID2025_lynx_07
378,LynxID2025_lynx_62
380,LynxID2025_lynx_74
397,LynxID2025_lynx_74
411,LynxID2025_lynx_74
415,LynxID2025_lynx_25
422,LynxID2025_lynx_05
423,LynxID2025_lynx_63
424,LynxID2025_lynx_95
427,LynxID2025_lynx_31
429,LynxID2025_lynx_49
431,LynxID2025_lynx_62
432,LynxID2025_lynx_91
437,LynxID2025_lynx_60
439,LynxID2025_lynx_32
443,LynxID2025_lynx_95
454,LynxID2025_lynx_05
459,LynxID2025_lynx_32
465,LynxID2025_lynx_29
469,LynxID2025_lynx_75
470,LynxID2025_lynx_43
474,LynxID2025_lynx_13
475,LynxID2025_lynx_07
478,LynxID2025_lynx_49
479,LynxID2025_lynx_05
480,LynxID2025_lynx_46
481,LynxID2025_lynx_77
482,LynxID2025_lynx_31
491,LynxID2025_lynx_65
494,LynxID2025_lynx_98
500,LynxID2025_lynx_29
501,LynxID2025_lynx_49
507,LynxID2025_lynx_28
509,LynxID2025_lynx_43
512,LynxID2025_lynx_31
515,LynxID2025_lynx_91
516,LynxID2025_lynx_45
519,LynxID2025_lynx_29
520,LynxID2025_lynx_58
522,LynxID2025_lynx_32
524,LynxID2025_lynx_09
526,LynxID2025_lynx_62
530,LynxID2025_lynx_43
537,LynxID2025_lynx_41
544,LynxID2025_lynx_76
547,LynxID2025_lynx_00
549,LynxID2025_lynx_03
551,LynxID2025_lynx_11
552,LynxID2025_lynx_40
555,LynxID2025_lynx_87
559,LynxID2025_lynx_46
562,LynxID2025_lynx_05
565,LynxID2025_lynx_25
567,LynxID2025_lynx_46
569,LynxID2025_lynx_49
570,LynxID2025_lynx_62
573,LynxID2025_lynx_62
577,LynxID2025_lynx_49
578,LynxID2025_lynx_97
579,LynxID2025_lynx_32
580,LynxID2025_lynx_76
583,LynxID2025_lynx_95
584,LynxID2025_lynx_60
588,LynxID2025_lynx_11
589,LynxID2025_lynx_32
591,LynxID2025_lynx_38
592,LynxID2025_lynx_32
594,LynxID2025_lynx_95
595,LynxID2025_lynx_25
599,LynxID2025_lynx_94
602,LynxID2025_lynx_32
603,LynxID2025_lynx_25
611,LynxID2025_lynx_45
620,LynxID2025_lynx_60
625,LynxID2025_lynx_54
626,LynxID2025_lynx_49
628,LynxID2025_lynx_63
630,LynxID2025_lynx_74
636,LynxID2025_lynx_50
643,LynxID2025_lynx_00
645,LynxID2025_lynx_76
648,LynxID2025_lynx_32
649,LynxID2025_lynx_95
651,LynxID2025_lynx_61
655,LynxID2025_lynx_56
656,LynxID2025_lynx_74
662,LynxID2025_lynx_74
669,LynxID2025_lynx_43
670,LynxID2025_lynx_32
672,LynxID2025_lynx_77
673,LynxID2025_lynx_50
676,LynxID2025_lynx_74
678,LynxID2025_lynx_05
683,LynxID2025_lynx_62
685,LynxID2025_lynx_74
690,LynxID2025_lynx_25
694,LynxID2025_lynx_29
699,LynxID2025_lynx_09
704,LynxID2025_lynx_62
707,LynxID2025_lynx_05
711,LynxID2025_lynx_32
712,LynxID2025_lynx_95
713,LynxID2025_lynx_32
715,LynxID2025_lynx_49
719,LynxID2025_lynx_09
722,LynxID2025_lynx_25
724,LynxID2025_lynx_28
726,LynxID2025_lynx_74
730,LynxID2025_lynx_32
734,LynxID2025_lynx_54
735,LynxID2025_lynx_77
738,LynxID2025_lynx_95
739,LynxID2025_lynx_16
741,LynxID2025_lynx_75
749,LynxID2025_lynx_43
750,LynxID2025_lynx_45
751,LynxID2025_lynx_54
753,LynxID2025_lynx_50
760,LynxID2025_lynx_29
761,LynxID2025_lynx_86
764,LynxID2025_lynx_45
766,LynxID2025_lynx_32
770,LynxID2025_lynx_98
776,LynxID2025_lynx_00
781,LynxID2025_lynx_49
782,LynxID2025_lynx_62
784,LynxID2025_lynx_31
786,LynxID2025_lynx_32
787,LynxID2025_lynx_16
790,LynxID2025_lynx_40
791,LynxID2025_lynx_49
793,LynxID2025_lynx_75
794,LynxID2025_lynx_86
795,LynxID2025_lynx_32
797,LynxID2025_lynx_62
798,LynxID2025_lynx_03
800,LynxID2025_lynx_31
804,LynxID2025_lynx_49
808,LynxID2025_lynx_62
817,LynxID2025_lynx_62
819,LynxID2025_lynx_32
824,LynxID2025_lynx_74
840,LynxID2025_lynx_38
849,LynxID2025_lynx_62
855,LynxID2025_lynx_32
859,LynxID2025_lynx_74
865,LynxID2025_lynx_63
871,LynxID2025_lynx_86
872,LynxID2025_lynx_05
874,LynxID2025_lynx_31
881,LynxID2025_lynx_62
886,LynxID2025_lynx_74
887,LynxID2025_lynx_97
893,LynxID2025_lynx_94
897,LynxID2025_lynx_62
904,LynxID2025_lynx_62
907,LynxID2025_lynx_74
915,LynxID2025_lynx_25
917,LynxID2025_lynx_62
920,LynxID2025_lynx_25
939,LynxID2025_lynx_49
941,LynxID2025_lynx_05
945,LynxID2025_lynx_95
951,LynxID2025_lynx_94
962,LynxID2025_lynx_93
963,LynxID2025_lynx_28
964,LynxID2025_lynx_32
969,LynxID2025_lynx_79
980,LynxID2025_lynx_62
983,LynxID2025_lynx_63
985,LynxID2025_lynx_45
990,LynxID2025_lynx_49
991,LynxID2025_lynx_58
992,LynxID2025_lynx_29
994,LynxID2025_lynx_75
995,LynxID2025_lynx_31
1000,LynxID2025_lynx_74
1001,LynxID2025_lynx_60
1005,LynxID2025_lynx_32
1006,LynxID2025_lynx_63
1008,LynxID2025_lynx_43
1011,LynxID2025_lynx_74
1012,LynxID2025_lynx_49
1013,LynxID2025_lynx_03
1019,LynxID2025_lynx_74
1021,LynxID2025_lynx_74
1031,LynxID2025_lynx_95
1034,LynxID2025_lynx_05
1039,LynxID2025_lynx_62
1042,LynxID2025_lynx_32
1045,LynxID2025_lynx_74
1046,LynxID2025_lynx_31
1047,LynxID2025_lynx_91
1048,LynxID2025_lynx_49
1053,LynxID2025_lynx_54
1055,LynxID2025_lynx_95
1057,LynxID2025_lynx_25
1060,LynxID2025_lynx_95
1064,LynxID2025_lynx_29
1065,LynxID2025_lynx_50
1068,LynxID2025_lynx_05
1069,LynxID2025_lynx_76
1071,LynxID2025_lynx_64
1075,LynxID2025_lynx_91
1089,LynxID2025_lynx_25
1090,LynxID2025_lynx_16
1094,LynxID2025_lynx_63
1095,LynxID2025_lynx_32
1096,LynxID2025_lynx_40
1107,LynxID2025_lynx_32
1108,LynxID2025_lynx_50
1111,LynxID2025_lynx_35
1115,LynxID2025_lynx_40
1119,LynxID2025_lynx_32
1120,LynxID2025_lynx_64
1122,LynxID2025_lynx_43
1131,LynxID2025_lynx_95
1135,LynxID2025_lynx_62
1137,LynxID2025_lynx_25
1139,LynxID2025_lynx_25
1143,LynxID2025_lynx_05
1147,LynxID2025_lynx_95
1153,LynxID2025_lynx_28
1154,LynxID2025_lynx_49
1162,LynxID2025_lynx_98
1163,LynxID2025_lynx_31
1164,LynxID2025_lynx_25
1175,LynxID2025_lynx_95
1182,LynxID2025_lynx_74
1191,LynxID2025_lynx_74
1192,LynxID2025_lynx_74
1197,LynxID2025_lynx_29
1198,LynxID2025_lynx_74
1203,LynxID2025_lynx_55
1205,LynxID2025_lynx_28
1207,LynxID2025_lynx_62
1209,LynxID2025_lynx_95
1211,LynxID2025_lynx_32
1213,LynxID2025_lynx_65
1214,LynxID2025_lynx_45
1221,LynxID2025_lynx_45
1223,LynxID2025_lynx_43
1225,LynxID2025_lynx_74
1232,LynxID2025_lynx_32
1233,LynxID2025_lynx_75
1234,LynxID2025_lynx_07
1235,LynxID2025_lynx_32
1237,LynxID2025_lynx_95
1245,LynxID2025_lynx_74
1247,LynxID2025_lynx_61
1248,LynxID2025_lynx_32
1249,LynxID2025_lynx_50
1255,LynxID2025_lynx_62
1259,LynxID2025_lynx_91
1264,LynxID2025_lynx_40
1266,LynxID2025_lynx_32
1267,LynxID2025_lynx_31
1270,LynxID2025_lynx_62
1271,LynxID2025_lynx_49
1277,LynxID2025_lynx_43
1278,LynxID2025_lynx_74
1280,LynxID2025_lynx_45
1288,LynxID2025_lynx_86
1297,LynxID2025_lynx_56
1309,LynxID2025_lynx_74
1311,LynxID2025_lynx_63
1313,LynxID2025_lynx_45
1318,LynxID2025_lynx_88
1322,LynxID2025_lynx_95
1325,LynxID2025_lynx_32
1330,LynxID2025_lynx_62
1335,LynxID2025_lynx_54
1343,LynxID2025_lynx_29
1345,LynxID2025_lynx_64
1349,LynxID2025_lynx_11
1351,LynxID2025_lynx_40
1353,LynxID2025_lynx_50
1363,LynxID2025_lynx_46
1367,LynxID2025_lynx_50
1368,LynxID2025_lynx_86
1370,LynxID2025_lynx_05
1371,LynxID2025_lynx_50
1375,LynxID2025_lynx_86
1385,LynxID2025_lynx_75
1388,LynxID2025_lynx_75
1392,LynxID2025_lynx_50
1394,LynxID2025_lynx_25
1399,LynxID2025_lynx_74
1403,LynxID2025_lynx_56
1406,LynxID2025_lynx_50
1410,LynxID2025_lynx_60
1413,LynxID2025_lynx_25
1416,LynxID2025_lynx_62
1421,LynxID2025_lynx_32
1425,LynxID2025_lynx_32
1427,LynxID2025_lynx_74
1428,LynxID2025_lynx_64
1431,LynxID2025_lynx_05
1432,LynxID2025_lynx_32
1433,LynxID2025_lynx_95
1439,LynxID2025_lynx_95
1441,LynxID2025_lynx_97
1444,LynxID2025_lynx_62
1447,LynxID2025_lynx_65
1453,LynxID2025_lynx_32
1454,LynxID2025_lynx_62
1455,LynxID2025_lynx_28
1457,LynxID2025_lynx_95
1465,LynxID2025_lynx_62
1466,LynxID2025_lynx_32
1474,LynxID2025_lynx_49
1475,LynxID2025_lynx_05
1491,LynxID2025_lynx_63
1492,LynxID2025_lynx_45
1493,LynxID2025_lynx_49
1494,LynxID2025_lynx_86
1504,LynxID2025_lynx_09
1509,LynxID2025_lynx_95
1513,LynxID2025_lynx_32
1525,LynxID2025_lynx_05
1526,LynxID2025_lynx_03
1527,LynxID2025_lynx_74
1538,LynxID2025_lynx_74
1539,LynxID2025_lynx_32
1541,LynxID2025_lynx_62
1545,LynxID2025_lynx_86
1546,LynxID2025_lynx_76
1547,LynxID2025_lynx_91
1550,LynxID2025_lynx_54
1557,LynxID2025_lynx_58
1559,LynxID2025_lynx_03
1566,LynxID2025_lynx_25
1573,LynxID2025_lynx_86
1574,LynxID2025_lynx_32
1575,LynxID2025_lynx_74
1578,LynxID2025_lynx_28
1580,LynxID2025_lynx_74
1583,LynxID2025_lynx_07
1585,LynxID2025_lynx_74
1586,LynxID2025_lynx_54
1588,LynxID2025_lynx_28
1592,LynxID2025_lynx_54
1594,LynxID2025_lynx_54
1596,LynxID2025_lynx_63
1600,LynxID2025_lynx_54
1607,LynxID2025_lynx_28
1610,LynxID2025_lynx_45
1612,LynxID2025_lynx_32
1615,LynxID2025_lynx_74
1616,LynxID2025_lynx_32
1619,LynxID2025_lynx_74
1621,LynxID2025_lynx_50
1625,LynxID2025_lynx_50
1628,LynxID2025_lynx_42
1631,LynxID2025_lynx_25
1632,LynxID2025_lynx_95
1641,LynxID2025_lynx_32
1643,LynxID2025_lynx_28
1651,LynxID2025_lynx_43
1652,LynxID2025_lynx_49
1659,LynxID2025_lynx_05
1660,LynxID2025_lynx_11
1666,LynxID2025_lynx_62
1673,LynxID2025_lynx_62
1674,LynxID2025_lynx_84
1681,LynxID2025_lynx_46
1684,LynxID2025_lynx_49
1688,LynxID2025_lynx_50
1689,LynxID2025_lynx_74
1694,LynxID2025_lynx_25
1701,LynxID2025_lynx_13
1704,LynxID2025_lynx_49
1714,LynxID2025_lynx_54
1725,LynxID2025_lynx_34
1726,LynxID2025_lynx_74
1728,LynxID2025_lynx_28
1735,LynxID2025_lynx_49
1743,LynxID2025_lynx_86
1744,LynxID2025_lynx_49
1749,LynxID2025_lynx_32
1759,LynxID2025_lynx_25
1774,LynxID2025_lynx_32
1776,LynxID2025_lynx_11
1777,LynxID2025_lynx_05
1790,LynxID2025_lynx_86
1795,LynxID2025_lynx_62
1804,LynxID2025_lynx_49
1806,LynxID2025_lynx_46
1812,LynxID2025_lynx_95
1818,LynxID2025_lynx_25
1820,LynxID2025_lynx_05
1823,LynxID2025_lynx_31
1829,LynxID2025_lynx_28
1834,LynxID2025_lynx_62
1835,LynxID2025_lynx_95
1836,LynxID2025_lynx_32
1840,LynxID2025_lynx_38
1843,LynxID2025_lynx_91
1854,LynxID2025_lynx_32
1861,LynxID2025_lynx_25
1867,LynxID2025_lynx_75
1869,LynxID2025_lynx_49
1870,LynxID2025_lynx_49
1871,LynxID2025_lynx_86
1873,LynxID2025_lynx_60
1874,LynxID2025_lynx_46
1878,LynxID2025_lynx_49
1892,LynxID2025_lynx_62
1894,LynxID2025_lynx_49
1897,LynxID2025_lynx_85
1899,LynxID2025_lynx_43
1901,LynxID2025_lynx_62
1903,LynxID2025_lynx_95
1913,LynxID2025_lynx_32
1917,LynxID2025_lynx_62
1921,LynxID2025_lynx_62
1923,LynxID2025_lynx_40
1925,LynxID2025_lynx_05
1930,LynxID2025_lynx_49
1935,LynxID2025_lynx_91
1936,LynxID2025_lynx_32
1937,LynxID2025_lynx_43
1939,LynxID2025_lynx_98
1941,LynxID2025_lynx_45
1943,LynxID2025_lynx_32
1945,LynxID2025_lynx_49
1951,LynxID2025_lynx_46
1955,LynxID2025_lynx_75
1957,LynxID2025_lynx_74
1961,LynxID2025_lynx_62
1965,LynxID2025_lynx_25
1969,LynxID2025_lynx_45
1971,LynxID2025_lynx_25
1975,LynxID2025_lynx_62
1981,LynxID2025_lynx_63
1985,LynxID2025_lynx_54
1991,LynxID2025_lynx_62
2005,LynxID2025_lynx_32
2007,LynxID2025_lynx_16
2008,LynxID2025_lynx_45
2014,LynxID2025_lynx_32
2029,LynxID2025_lynx_32
2030,LynxID2025_lynx_54
2035,LynxID2025_lynx_25
2037,LynxID2025_lynx_74
2038,LynxID2025_lynx_43
2040,LynxID2025_lynx_32
2044,LynxID2025_lynx_32
2049,LynxID2025_lynx_39
2057,LynxID2025_lynx_95
2058,LynxID2025_lynx_32
2078,LynxID2025_lynx_74
2079,LynxID2025_lynx_46
2081,LynxID2025_lynx_54
2082,LynxID2025_lynx_46
2086,LynxID2025_lynx_74
2090,LynxID2025_lynx_74
2091,LynxID2025_lynx_95
2105,LynxID2025_lynx_62
2106,LynxID2025_lynx_86
2107,LynxID2025_lynx_50
2110,LynxID2025_lynx_49
2117,LynxID2025_lynx_74
2118,LynxID2025_lynx_25
2119,LynxID2025_lynx_05
2124,LynxID2025_lynx_49
2127,LynxID2025_lynx_95
2129,LynxID2025_lynx_95
2136,LynxID2025_lynx_62
2137,LynxID2025_lynx_49
2144,LynxID2025_lynx_76
2146,LynxID2025_lynx_62
2151,LynxID2025_lynx_60
2161,LynxID2025_lynx_32
2164,LynxID2025_lynx_32
2166,LynxID2025_lynx_54
2169,LynxID2025_lynx_87
2170,LynxID2025_lynx_40
2174,LynxID2025_lynx_62
2178,LynxID2025_lynx_49
2184,LynxID2025_lynx_62
2190,LynxID2025_lynx_45
2196,LynxID2025_lynx_32
2198,LynxID2025_lynx_11
2200,LynxID2025_lynx_62
2205,LynxID2025_lynx_62
2207,LynxID2025_lynx_05
2208,LynxID2025_lynx_62
2219,LynxID2025_lynx_32
2220,LynxID2025_lynx_50
2222,LynxID2025_lynx_05
2226,LynxID2025_lynx_74
2228,LynxID2025_lynx_31
2231,LynxID2025_lynx_91
2232,LynxID2025_lynx_32
2235,LynxID2025_lynx_91
2246,LynxID2025_lynx_49
2248,LynxID2025_lynx_11
2257,LynxID2025_lynx_11
2265,LynxID2025_lynx_29
2268,LynxID2025_lynx_32
2272,LynxID2025_lynx_84
2283,LynxID2025_lynx_38
2290,LynxID2025_lynx_46
2292,LynxID2025_lynx_38
2293,LynxID2025_lynx_11
2294,LynxID2025_lynx_31
2301,LynxID2025_lynx_95
2303,LynxID2025_lynx_49
2307,LynxID2025_lynx_25
2313,LynxID2025_lynx_76
2320,LynxID2025_lynx_62
2322,LynxID2025_lynx_25
2324,LynxID2025_lynx_74
2326,LynxID2025_lynx_45
2330,LynxID2025_lynx_75
2336,LynxID2025_lynx_62
2338,LynxID2025_lynx_74
2343,LynxID2025_lynx_86
2369,LynxID2025_lynx_56
2375,LynxID2025_lynx_49
2379,LynxID2025_lynx_43
2385,LynxID2025_lynx_49
2388,LynxID2025_lynx_54
2389,LynxID2025_lynx_84
2390,LynxID2025_lynx_74
2399,LynxID2025_lynx_32
2403,LynxID2025_lynx_05
2404,LynxID2025_lynx_40
2406,LynxID2025_lynx_97
2408,LynxID2025_lynx_54
2409,LynxID2025_lynx_74
2411,LynxID2025_lynx_91
2426,LynxID2025_lynx_49
2435,LynxID2025_lynx_05
2437,LynxID2025_lynx_32
2441,LynxID2025_lynx_49
2469,LynxID2025_lynx_77
2472,LynxID2025_lynx_32
2473,LynxID2025_lynx_28
2477,LynxID2025_lynx_32
2478,LynxID2025_lynx_62
2487,LynxID2025_lynx_43
2491,LynxID2025_lynx_74
2495,LynxID2025_lynx_31
2496,LynxID2025_lynx_74
2501,LynxID2025_lynx_95
2511,LynxID2025_lynx_74
2512,LynxID2025_lynx_45
2518,LynxID2025_lynx_95
2525,LynxID2025_lynx_43
2527,LynxID2025_lynx_43
2529,LynxID2025_lynx_32
2530,LynxID2025_lynx_05
2534,LynxID2025_lynx_62
2544,LynxID2025_lynx_32
2545,LynxID2025_lynx_16
2546,LynxID2025_lynx_05
2549,LynxID2025_lynx_32
2552,LynxID2025_lynx_49
2554,LynxID2025_lynx_95
2555,LynxID2025_lynx_45
2562,LynxID2025_lynx_74
2564,LynxID2025_lynx_74
2580,LynxID2025_lynx_49
2591,LynxID2025_lynx_95
2592,LynxID2025_lynx_88
2601,LynxID2025_lynx_95
2606,LynxID2025_lynx_05
2613,LynxID2025_lynx_86
2625,LynxID2025_lynx_95
2626,LynxID2025_lynx_76
2631,LynxID2025_lynx_50
2638,LynxID2025_lynx_62
2643,LynxID2025_lynx_05
2644,LynxID2025_lynx_41
2648,LynxID2025_lynx_74
2654,LynxID2025_lynx_62
2655,LynxID2025_lynx_32
2657,LynxID2025_lynx_60
2687,LynxID2025_lynx_95
2689,LynxID2025_lynx_48
2705,LynxID2025_lynx_86
2706,LynxID2025_lynx_54
2709,LynxID2025_lynx_25
2713,LynxID2025_lynx_05
2718,LynxID2025_lynx_62
2721,LynxID2025_lynx_86
2724,LynxID2025_lynx_00
2725,LynxID2025_lynx_49
2726,LynxID2025_lynx_50
2731,LynxID2025_lynx_62
2733,LynxID2025_lynx_45
2734,LynxID2025_lynx_54
2744,LynxID2025_lynx_95
2754,LynxID2025_lynx_49
2758,LynxID2025_lynx_49
2759,LynxID2025_lynx_54
2760,LynxID2025_lynx_11
2770,LynxID2025_lynx_49
2787,LynxID2025_lynx_49
2789,LynxID2025_lynx_95
2790,LynxID2025_lynx_45
2794,LynxID2025_lynx_49
2797,LynxID2025_lynx_97
2801,LynxID2025_lynx_46
2803,LynxID2025_lynx_73
2807,LynxID2025_lynx_46
2811,LynxID2025_lynx_45
2812,LynxID2025_lynx_29
2823,LynxID2025_lynx_50
2829,LynxID2025_lynx_41
2831,LynxID2025_lynx_32
2834,LynxID2025_lynx_49
2840,LynxID2025_lynx_16
2841,LynxID2025_lynx_00
2844,LynxID2025_lynx_95
2845,LynxID2025_lynx_43
2846,LynxID2025_lynx_95
2847,LynxID2025_lynx_49
2848,LynxID2025_lynx_97
2851,LynxID2025_lynx_05
2865,LynxID2025_lynx_95
2871,LynxID2025_lynx_25
2873,LynxID2025_lynx_62
2876,LynxID2025_lynx_54
2889,LynxID2025_lynx_46
2893,LynxID2025_lynx_05
2894,LynxID2025_lynx_49
2896,LynxID2025_lynx_63
2914,LynxID2025_lynx_76
2920,LynxID2025_lynx_95
2921,LynxID2025_lynx_62
2933,LynxID2025_lynx_74
2934,LynxID2025_lynx_88
2942,LynxID2025_lynx_54
2948,LynxID2025_lynx_49
2949,LynxID2025_lynx_05
2951,LynxID2025_lynx_45
2952,LynxID2025_lynx_74
2957,LynxID2025_lynx_11
2961,LynxID2025_lynx_11
2963,LynxID2025_lynx_62
2968,LynxID2025_lynx_75
2973,LynxID2025_lynx_37
2976,LynxID2025_lynx_28
2978,LynxID2025_lynx_43
2981,LynxID2025_lynx_54
2985,LynxID2025_lynx_49
2999,LynxID2025_lynx_49
3001,LynxID2025_lynx_05
3003,LynxID2025_lynx_74
3007,LynxID2025_lynx_75
3013,LynxID2025_lynx_95
3014,LynxID2025_lynx_05
3018,LynxID2025_lynx_95
3020,LynxID2025_lynx_07
3021,LynxID2025_lynx_32
3027,LynxID2025_lynx_09
3029,LynxID2025_lynx_86
3032,LynxID2025_lynx_41
3034,LynxID2025_lynx_97
3035,LynxID2025_lynx_32
3036,LynxID2025_lynx_49
3037,LynxID2025_lynx_25
3038,LynxID2025_lynx_13
3045,LynxID2025_lynx_74
3046,LynxID2025_lynx_84
3055,LynxID2025_lynx_50
3059,LynxID2025_lynx_94
3069,LynxID2025_lynx_62
3074,LynxID2025_lynx_32
3086,LynxID2025_lynx_93
3090,LynxID2025_lynx_74
3091,LynxID2025_lynx_60
3097,LynxID2025_lynx_75
3099,LynxID2025_lynx_49
3106,LynxID2025_lynx_50
3108,LynxID2025_lynx_91
3111,LynxID2025_lynx_32
3116,LynxID2025_lynx_74
3118,LynxID2025_lynx_11
3130,LynxID2025_lynx_95
3133,LynxID2025_lynx_45
3138,LynxID2025_lynx_49
3142,LynxID2025_lynx_43
3144,LynxID2025_lynx_50
3153,LynxID2025_lynx_32
3155,LynxID2025_lynx_32
3156,LynxID2025_lynx_40
3157,LynxID2025_lynx_93
3167,LynxID2025_lynx_62
3177,LynxID2025_lynx_49
3178,LynxID2025_lynx_32
3181,LynxID2025_lynx_43
3183,LynxID2025_lynx_62
3193,LynxID2025_lynx_31
3201,LynxID2025_lynx_77
3204,LynxID2025_lynx_77
3205,LynxID2025_lynx_75
3215,LynxID2025_lynx_85
3217,LynxID2025_lynx_95
3220,LynxID2025_lynx_63
3221,LynxID2025_lynx_05
3222,LynxID2025_lynx_74
3231,LynxID2025_lynx_49
3232,LynxID2025_lynx_45
3239,LynxID2025_lynx_54
3242,LynxID2025_lynx_25
3245,LynxID2025_lynx_93
3249,LynxID2025_lynx_91
3256,LynxID2025_lynx_32
3259,LynxID2025_lynx_35
3261,LynxID2025_lynx_74
3263,LynxID2025_lynx_49
3267,LynxID2025_lynx_74
3270,LynxID2025_lynx_63
3274,LynxID2025_lynx_74
3277,LynxID2025_lynx_32
3281,LynxID2025_lynx_75
3284,LynxID2025_lynx_43
3286,LynxID2025_lynx_49
3287,LynxID2025_lynx_54
3297,LynxID2025_lynx_11
3305,LynxID2025_lynx_11
3310,LynxID2025_lynx_73
3314,LynxID2025_lynx_54
3323,LynxID2025_lynx_49
3331,LynxID2025_lynx_74
3335,LynxID2025_lynx_49
3338,LynxID2025_lynx_54
3339,LynxID2025_lynx_31
3344,LynxID2025_lynx_62
3348,LynxID2025_lynx_49
3352,LynxID2025_lynx_77
3353,LynxID2025_lynx_75
3356,LynxID2025_lynx_16
3357,LynxID2025_lynx_28
3358,LynxID2025_lynx_77
3366,LynxID2025_lynx_32
3372,LynxID2025_lynx_49
3380,LynxID2025_lynx_11
3382,LynxID2025_lynx_45
3386,LynxID2025_lynx_60
3389,LynxID2025_lynx_46
3390,LynxID2025_lynx_32
3400,LynxID2025_lynx_45
3401,LynxID2025_lynx_25
3409,LynxID2025_lynx_60
3412,LynxID2025_lynx_31
3416,LynxID2025_lynx_32
3418,LynxID2025_lynx_32
3420,LynxID2025_lynx_43
3424,LynxID2025_lynx_49
3427,LynxID2025_lynx_62
3429,LynxID2025_lynx_74
3434,LynxID2025_lynx_95
3435,LynxID2025_lynx_49
3436,LynxID2025_lynx_11
3437,LynxID2025_lynx_43
3439,LynxID2025_lynx_07
3441,LynxID2025_lynx_97
3446,LynxID2025_lynx_74
3449,LynxID2025_lynx_25
3450,LynxID2025_lynx_32
3452,LynxID2025_lynx_00
3469,LynxID2025_lynx_05
3474,LynxID2025_lynx_54
3477,LynxID2025_lynx_03
3480,LynxID2025_lynx_62
3481,LynxID2025_lynx_32
3484,LynxID2025_lynx_75
3487,LynxID2025_lynx_74
3490,LynxID2025_lynx_54
3494,LynxID2025_lynx_98
3497,LynxID2025_lynx_54
3500,LynxID2025_lynx_74
3501,LynxID2025_lynx_05
3502,LynxID2025_lynx_89
3508,LynxID2025_lynx_03
3511,LynxID2025_lynx_05
3513,LynxID2025_lynx_11
3521,LynxID2025_lynx_95
3524,LynxID2025_lynx_37
3526,LynxID2025_lynx_62
3529,LynxID2025_lynx_49
3530,LynxID2025_lynx_93
3539,LynxID2025_lynx_32
3540,LynxID2025_lynx_43
3542,LynxID2025_lynx_84
3545,LynxID2025_lynx_62
3548,LynxID2025_lynx_74
3550,LynxID2025_lynx_16
3565,LynxID2025_lynx_62
3566,LynxID2025_lynx_05
3568,LynxID2025_lynx_28
3570,LynxID2025_lynx_74
3574,LynxID2025_lynx_49
3582,LynxID2025_lynx_60
3585,LynxID2025_lynx_45
3595,LynxID2025_lynx_00
3597,LynxID2025_lynx_62
3605,LynxID2025_lynx_40
3626,LynxID2025_lynx_62
3633,LynxID2025_lynx_62
3638,LynxID2025_lynx_74
3643,LynxID2025_lynx_38
3645,LynxID2025_lynx_62
3648,LynxID2025_lynx_32
3654,LynxID2025_lynx_34
3655,LynxID2025_lynx_95
3657,LynxID2025_lynx_56
3660,LynxID2025_lynx_32
3666,LynxID2025_lynx_86
3670,LynxID2025_lynx_62
3672,LynxID2025_lynx_49
3675,LynxID2025_lynx_49
3676,LynxID2025_lynx_43
3677,LynxID2025_lynx_32
3682,LynxID2025_lynx_49
3690,LynxID2025_lynx_75
3691,LynxID2025_lynx_32
3692,LynxID2025_lynx_77
3696,LynxID2025_lynx_41
3698,LynxID2025_lynx_32
3706,LynxID2025_lynx_32
3725,LynxID2025_lynx_49
3727,LynxID2025_lynx_40
3729,LynxID2025_lynx_56
3739,LynxID2025_lynx_49
3749,LynxID2025_lynx_31
3750,LynxID2025_lynx_43
3762,LynxID2025_lynx_97
3763,LynxID2025_lynx_05
3766,LynxID2025_lynx_13
3768,LynxID2025_lynx_32
3793,LynxID2025_lynx_74
3794,LynxID2025_lynx_05
3808,LynxID2025_lynx_62
3822,LynxID2025_lynx_75
3823,LynxID2025_lynx_43
3836,LynxID2025_lynx_46
3837,LynxID2025_lynx_42
3849,LynxID2025_lynx_86
3861,LynxID2025_lynx_05
3862,LynxID2025_lynx_32
3866,LynxID2025_lynx_32
3867,LynxID2025_lynx_54
3874,LynxID2025_lynx_32
3876,LynxID2025_lynx_62
3887,LynxID2025_lynx_25
3897,LynxID2025_lynx_95
3900,LynxID2025_lynx_95
3902,LynxID2025_lynx_49
5291,SalamanderID2025_66
5292,SalamanderID2025_165
5293,SalamanderID2025_303
5294,SalamanderID2025_63
5295,SalamanderID2025_635
5296,SalamanderID2025_11
5297,SalamanderID2025_143
5298,SalamanderID2025_48
5299,SalamanderID2025_546
5300,SalamanderID2025_329
5301,SalamanderID2025_2
5302,SalamanderID2025_3
5303,SalamanderID2025_4
5304,SalamanderID2025_5
5305,SalamanderID2025_6
5306,SalamanderID2025_7
5307,SalamanderID2025_234
5308,SalamanderID2025_117
5309,SalamanderID2025_378
5310,SalamanderID2025_27
5311,SalamanderID2025_6
5312,SalamanderID2025_86
5313,SalamanderID2025_5
5314,SalamanderID2025_57
5315,SalamanderID2025_6
5316,SalamanderID2025_10
5317,SalamanderID2025_11
5318,SalamanderID2025_12
5319,SalamanderID2025_13
5320,SalamanderID2025_214
5321,SalamanderID2025_378
5322,SalamanderID2025_323
5323,SalamanderID2025_11
5324,SalamanderID2025_19
5325,SalamanderID2025_92
5326,SalamanderID2025_20
5327,SalamanderID2025_22
5328,SalamanderID2025_23
5329,SalamanderID2025_24
5330,SalamanderID2025_355
5331,SalamanderID2025_149
5332,SalamanderID2025_27
5333,SalamanderID2025_28
5334,SalamanderID2025_29
5335,SalamanderID2025_31
5336,SalamanderID2025_180
5337,SalamanderID2025_33
5338,SalamanderID2025_34
5339,SalamanderID2025_205
5340,SalamanderID2025_52
5341,SalamanderID2025_80
5342,SalamanderID2025_646
5343,SalamanderID2025_36
5344,SalamanderID2025_182
5345,SalamanderID2025_465
5346,SalamanderID2025_36
5347,SalamanderID2025_327
5348,SalamanderID2025_244
5349,SalamanderID2025_209
5350,SalamanderID2025_36
5351,SalamanderID2025_154
5352,SalamanderID2025_89
5353,SalamanderID2025_39
5354,SalamanderID2025_40
5355,SalamanderID2025_210
5356,SalamanderID2025_303
5357,SalamanderID2025_14
5358,SalamanderID2025_139
5359,SalamanderID2025_247
5360,SalamanderID2025_298
5361,SalamanderID2025_50
5362,SalamanderID2025_267
5363,SalamanderID2025_115
5364,SalamanderID2025_5
5365,SalamanderID2025_294
5366,SalamanderID2025_189
5367,SalamanderID2025_45
5368,SalamanderID2025_99
5369,SalamanderID2025_17
5370,SalamanderID2025_48
5371,SalamanderID2025_121
5372,SalamanderID2025_181
5373,SalamanderID2025_51
5374,SalamanderID2025_36
5375,SalamanderID2025_88
5376,SalamanderID2025_186
5377,SalamanderID2025_258
5378,SalamanderID2025_66
5379,SalamanderID2025_68
5380,SalamanderID2025_329
5381,SalamanderID2025_620
5382,SalamanderID2025_199
5383,SalamanderID2025_84
5384,SalamanderID2025_182
5385,SalamanderID2025_36
5386,SalamanderID2025_68
5387,SalamanderID2025_56
5388,SalamanderID2025_57
5389,SalamanderID2025_58
5390,SalamanderID2025_50
5391,SalamanderID2025_60
5392,SalamanderID2025_108
5393,SalamanderID2025_2
5394,SalamanderID2025_406
5395,SalamanderID2025_457
5396,SalamanderID2025_641
5397,SalamanderID2025_128
5398,SalamanderID2025_62
5399,SalamanderID2025_368
5400,SalamanderID2025_64
5401,SalamanderID2025_200
5402,SalamanderID2025_67
5403,SalamanderID2025_68
5404,SalamanderID2025_69
5405,SalamanderID2025_70
5406,SalamanderID2025_32
5407,SalamanderID2025_204
5408,SalamanderID2025_300
5409,SalamanderID2025_80
5410,SalamanderID2025_300
5411,SalamanderID2025_53
5412,SalamanderID2025_63
5413,SalamanderID2025_198
5414,SalamanderID2025_148
5415,SalamanderID2025_75
5416,SalamanderID2025_498
5417,SalamanderID2025_194
5418,SalamanderID2025_80
5419,SalamanderID2025_81
5420,SalamanderID2025_425
5421,SalamanderID2025_620
5422,SalamanderID2025_80
5423,SalamanderID2025_83
5424,SalamanderID2025_84
5425,SalamanderID2025_85
5426,SalamanderID2025_86
5427,SalamanderID2025_121
5428,SalamanderID2025_134
5429,SalamanderID2025_89
5430,SalamanderID2025_90
5431,SalamanderID2025_91
5432,SalamanderID2025_92
5433,SalamanderID2025_93
5434,SalamanderID2025_94
5435,SalamanderID2025_95
5436,SalamanderID2025_143
5437,SalamanderID2025_97
5438,SalamanderID2025_98
5439,SalamanderID2025_99
5440,SalamanderID2025_100
5441,SalamanderID2025_238
5442,SalamanderID2025_58
5443,SalamanderID2025_103
5444,SalamanderID2025_506
5445,SalamanderID2025_105
5446,SalamanderID2025_106
5447,SalamanderID2025_107
5448,SalamanderID2025_362
5449,SalamanderID2025_109
5450,SalamanderID2025_110
5451,SalamanderID2025_111
5452,SalamanderID2025_112
5453,SalamanderID2025_21
5454,SalamanderID2025_174
5455,SalamanderID2025_502
5456,SalamanderID2025_178
5457,SalamanderID2025_555
5458,SalamanderID2025_378
5459,SalamanderID2025_447
5460,SalamanderID2025_296
5461,SalamanderID2025_2
5462,SalamanderID2025_115
5463,SalamanderID2025_84
5464,SalamanderID2025_117
5465,SalamanderID2025_118
5466,SalamanderID2025_119
5467,SalamanderID2025_134
5468,SalamanderID2025_36
5469,SalamanderID2025_122
5470,SalamanderID2025_154
5471,SalamanderID2025_125
5472,SalamanderID2025_126
5473,SalamanderID2025_127
5474,SalamanderID2025_128
5475,SalamanderID2025_129
5476,SalamanderID2025_130
5477,SalamanderID2025_506
5478,SalamanderID2025_132
5479,SalamanderID2025_133
5480,SalamanderID2025_192
5481,SalamanderID2025_155
5482,SalamanderID2025_170
5483,SalamanderID2025_118
5484,SalamanderID2025_36
5485,SalamanderID2025_138
5486,SalamanderID2025_115
5487,SalamanderID2025_354
5488,SalamanderID2025_438
5489,SalamanderID2025_142
5490,SalamanderID2025_423
5491,SalamanderID2025_205
5492,SalamanderID2025_79
5493,SalamanderID2025_219
5494,SalamanderID2025_147
5495,SalamanderID2025_148
5496,SalamanderID2025_371
5497,SalamanderID2025_150
5498,SalamanderID2025_210
5499,SalamanderID2025_76
5500,SalamanderID2025_153
5501,SalamanderID2025_154
5502,SalamanderID2025_565
5503,SalamanderID2025_156
5504,SalamanderID2025_157
5505,SalamanderID2025_158
5506,SalamanderID2025_159
5507,SalamanderID2025_90
5508,SalamanderID2025_161
5509,SalamanderID2025_162
5510,SalamanderID2025_164
5511,SalamanderID2025_523
5512,SalamanderID2025_80
5513,SalamanderID2025_134
5514,SalamanderID2025_252
5515,SalamanderID2025_562
5516,SalamanderID2025_187
5517,SalamanderID2025_90
5518,SalamanderID2025_425
5519,SalamanderID2025_131
5520,SalamanderID2025_169
5521,SalamanderID2025_15
5522,SalamanderID2025_171
5523,SalamanderID2025_172
5524,SalamanderID2025_332
5525,SalamanderID2025_39
5526,SalamanderID2025_50
5527,SalamanderID2025_101
5528,SalamanderID2025_565
5529,SalamanderID2025_294
5530,SalamanderID2025_179
5531,SalamanderID2025_180
5532,SalamanderID2025_198
5533,SalamanderID2025_281
5534,SalamanderID2025_209
5535,SalamanderID2025_149
5536,SalamanderID2025_62
5537,SalamanderID2025_49
5538,SalamanderID2025_134
5539,SalamanderID2025_266
5540,SalamanderID2025_88
5541,SalamanderID2025_93
5542,SalamanderID2025_186
5543,SalamanderID2025_186
5544,SalamanderID2025_369
5545,SalamanderID2025_188
5546,SalamanderID2025_189
5547,SalamanderID2025_547
5548,SalamanderID2025_214
5549,SalamanderID2025_98
5550,SalamanderID2025_147
5551,SalamanderID2025_555
5552,SalamanderID2025_196
5553,SalamanderID2025_214
5554,SalamanderID2025_2
5555,SalamanderID2025_199
5556,SalamanderID2025_219
5557,SalamanderID2025_244
5558,SalamanderID2025_264
5559,SalamanderID2025_640
5560,SalamanderID2025_378
5561,SalamanderID2025_202
5562,SalamanderID2025_204
5563,SalamanderID2025_180
5564,SalamanderID2025_483
5565,SalamanderID2025_233
5566,SalamanderID2025_357
5567,SalamanderID2025_365
5568,SalamanderID2025_233
5569,SalamanderID2025_233
5570,SalamanderID2025_233
5571,SalamanderID2025_209
5572,SalamanderID2025_210
5573,SalamanderID2025_129
5574,SalamanderID2025_297
5575,SalamanderID2025_213
5576,SalamanderID2025_214
5577,SalamanderID2025_215
5578,SalamanderID2025_87
5579,SalamanderID2025_287
5580,SalamanderID2025_444
5581,SalamanderID2025_268
5582,SalamanderID2025_181
5583,SalamanderID2025_221
5584,SalamanderID2025_222
5585,SalamanderID2025_223
5586,SalamanderID2025_224
5587,SalamanderID2025_189
5588,SalamanderID2025_227
5589,SalamanderID2025_228
5590,SalamanderID2025_229
5591,SalamanderID2025_49
5592,SalamanderID2025_231
5593,SalamanderID2025_232
5594,SalamanderID2025_233
5595,SalamanderID2025_109
5596,SalamanderID2025_294
5597,SalamanderID2025_237
5598,SalamanderID2025_304
5599,SalamanderID2025_238
5600,SalamanderID2025_240
5601,SalamanderID2025_296
5602,SalamanderID2025_476
5603,SalamanderID2025_546
5604,SalamanderID2025_206
5605,SalamanderID2025_206
5606,SalamanderID2025_89
5607,SalamanderID2025_174
5608,SalamanderID2025_243
5609,SalamanderID2025_58
5610,SalamanderID2025_46
5611,SalamanderID2025_337
5612,SalamanderID2025_567
5613,SalamanderID2025_244
5614,SalamanderID2025_165
5615,SalamanderID2025_392
5616,SalamanderID2025_58
5617,SalamanderID2025_307
5618,SalamanderID2025_392
5619,SalamanderID2025_250
5620,SalamanderID2025_346
5621,SalamanderID2025_252
5622,SalamanderID2025_71
5623,SalamanderID2025_254
5624,SalamanderID2025_632
5625,SalamanderID2025_112
5626,SalamanderID2025_180
5627,SalamanderID2025_356
5628,SalamanderID2025_260
5629,SalamanderID2025_88
5630,SalamanderID2025_85
5631,SalamanderID2025_17
5632,SalamanderID2025_93
5633,SalamanderID2025_152
5634,SalamanderID2025_609
5635,SalamanderID2025_364
5636,SalamanderID2025_276
5637,SalamanderID2025_279
5638,SalamanderID2025_646
5639,SalamanderID2025_282
5640,SalamanderID2025_195
5641,SalamanderID2025_284
5642,SalamanderID2025_76
5643,SalamanderID2025_266
5644,SalamanderID2025_93
5645,SalamanderID2025_303
5646,SalamanderID2025_180
5647,SalamanderID2025_76
5648,SalamanderID2025_362
5649,SalamanderID2025_323
5650,SalamanderID2025_289
5651,SalamanderID2025_290
5652,SalamanderID2025_86
5653,SalamanderID2025_294
5654,SalamanderID2025_406
5655,SalamanderID2025_161
5656,SalamanderID2025_93
5657,SalamanderID2025_63
5658,SalamanderID2025_369
5659,SalamanderID2025_338
5660,SalamanderID2025_160
5661,SalamanderID2025_357
5662,SalamanderID2025_296
5663,SalamanderID2025_186
5664,SalamanderID2025_344
5665,SalamanderID2025_180
5666,SalamanderID2025_182
5667,SalamanderID2025_152
5668,SalamanderID2025_403
5669,SalamanderID2025_297
5670,SalamanderID2025_304
5671,SalamanderID2025_289
5672,SalamanderID2025_485
5673,SalamanderID2025_160
5674,SalamanderID2025_89
5675,SalamanderID2025_205
5676,SalamanderID2025_317
5677,SalamanderID2025_155
5678,SalamanderID2025_56
5679,SalamanderID2025_363
5680,SalamanderID2025_452
5681,SalamanderID2025_129
5682,SalamanderID2025_231
5683,SalamanderID2025_111
5684,SalamanderID2025_332
5685,SalamanderID2025_143
5686,SalamanderID2025_134
5687,SalamanderID2025_635
5688,SalamanderID2025_192
5689,SalamanderID2025_79
5690,SalamanderID2025_328
5691,SalamanderID2025_119
5692,SalamanderID2025_341
5693,SalamanderID2025_344
5694,SalamanderID2025_79
5695,SalamanderID2025_305
5696,SalamanderID2025_344
5697,SalamanderID2025_345
5698,SalamanderID2025_471
5699,SalamanderID2025_571
5700,SalamanderID2025_349
5701,SalamanderID2025_350
5702,SalamanderID2025_327
5703,SalamanderID2025_86
5704,SalamanderID2025_267
5705,SalamanderID2025_235
5706,SalamanderID2025_280
5707,SalamanderID2025_58
5708,SalamanderID2025_640
5709,SalamanderID2025_355
5710,SalamanderID2025_235
5711,SalamanderID2025_520
5712,SalamanderID2025_76
5713,SalamanderID2025_361
5714,SalamanderID2025_362
5715,SalamanderID2025_457
5716,SalamanderID2025_181
5717,SalamanderID2025_369
5718,SalamanderID2025_219
5719,SalamanderID2025_369
5720,SalamanderID2025_329
5721,SalamanderID2025_372
5722,SalamanderID2025_378
5723,SalamanderID2025_489
5724,SalamanderID2025_130
5725,SalamanderID2025_157
5726,SalamanderID2025_36
5727,SalamanderID2025_256
5728,SalamanderID2025_327
5729,SalamanderID2025_391
5730,SalamanderID2025_252
5731,SalamanderID2025_547
5732,SalamanderID2025_214
5733,SalamanderID2025_267
5734,SalamanderID2025_46
5735,SalamanderID2025_14
5736,SalamanderID2025_550
5737,SalamanderID2025_372
5738,SalamanderID2025_403
5739,SalamanderID2025_152
5740,SalamanderID2025_305
5741,SalamanderID2025_535
5742,SalamanderID2025_300
5743,SalamanderID2025_181
5744,SalamanderID2025_50
5745,SalamanderID2025_177
5746,SalamanderID2025_499
5747,SalamanderID2025_101
5748,SalamanderID2025_27
5749,SalamanderID2025_289
5750,SalamanderID2025_38
5751,SalamanderID2025_134
5752,SalamanderID2025_357
5753,SalamanderID2025_93
5754,SalamanderID2025_85
5755,SalamanderID2025_379
5756,SalamanderID2025_99
5757,SalamanderID2025_408
5758,SalamanderID2025_252
5759,SalamanderID2025_175
5760,SalamanderID2025_99
5761,SalamanderID2025_136
5762,SalamanderID2025_305
5763,SalamanderID2025_339
5764,SalamanderID2025_436
5765,SalamanderID2025_466
5766,SalamanderID2025_438
5767,SalamanderID2025_606
5768,SalamanderID2025_620
5769,SalamanderID2025_323
5770,SalamanderID2025_446
5771,SalamanderID2025_447
5772,SalamanderID2025_15
5773,SalamanderID2025_333
5774,SalamanderID2025_81
5775,SalamanderID2025_148
5776,SalamanderID2025_14
5777,SalamanderID2025_361
5778,SalamanderID2025_152
5779,SalamanderID2025_450
5780,SalamanderID2025_89
5781,SalamanderID2025_452
5782,SalamanderID2025_181
5783,SalamanderID2025_123
5784,SalamanderID2025_296
5785,SalamanderID2025_40
5786,SalamanderID2025_14
5787,SalamanderID2025_457
5788,SalamanderID2025_330
5789,SalamanderID2025_535
5790,SalamanderID2025_119
5791,SalamanderID2025_134
5792,SalamanderID2025_646
5793,SalamanderID2025_36
5794,SalamanderID2025_346
5795,SalamanderID2025_369
5796,SalamanderID2025_545
5797,SalamanderID2025_181
5798,SalamanderID2025_244
5799,SalamanderID2025_332
5800,SalamanderID2025_289
5801,SalamanderID2025_175
5802,SalamanderID2025_415
5803,SalamanderID2025_108
5804,SalamanderID2025_365
5805,SalamanderID2025_541
5806,SalamanderID2025_2
5807,SalamanderID2025_303
5808,SalamanderID2025_89
5809,SalamanderID2025_504
5810,SalamanderID2025_160
5811,SalamanderID2025_316
5812,SalamanderID2025_487
5813,SalamanderID2025_574
5814,SalamanderID2025_298
5815,SalamanderID2025_530
5816,SalamanderID2025_297
5817,SalamanderID2025_663
5818,SalamanderID2025_298
5819,SalamanderID2025_227
5820,SalamanderID2025_357
5821,SalamanderID2025_597
5822,SalamanderID2025_422
5823,SalamanderID2025_348
5824,SalamanderID2025_93
5825,SalamanderID2025_518
5826,SalamanderID2025_520
5827,SalamanderID2025_601
5828,SalamanderID2025_282
5829,SalamanderID2025_88
5830,SalamanderID2025_199
5831,SalamanderID2025_361
5832,SalamanderID2025_506
5833,SalamanderID2025_436
5834,SalamanderID2025_597
5835,SalamanderID2025_134
5836,SalamanderID2025_522
5837,SalamanderID2025_282
5838,SalamanderID2025_279
5839,SalamanderID2025_93
5840,SalamanderID2025_548
5841,SalamanderID2025_220
5842,SalamanderID2025_508
5843,SalamanderID2025_294
5844,SalamanderID2025_305
5845,SalamanderID2025_651
5846,SalamanderID2025_21
5847,SalamanderID2025_89
5848,SalamanderID2025_365
5849,SalamanderID2025_88
5850,SalamanderID2025_139
5851,SalamanderID2025_498
5852,SalamanderID2025_403
5853,SalamanderID2025_89
5854,SalamanderID2025_289
5855,SalamanderID2025_365
5856,SalamanderID2025_363
5857,SalamanderID2025_538
5858,SalamanderID2025_337
5859,SalamanderID2025_545
5860,SalamanderID2025_141
5861,SalamanderID2025_449
5862,SalamanderID2025_252
5863,SalamanderID2025_363
5864,SalamanderID2025_502
5865,SalamanderID2025_252
5866,SalamanderID2025_62
5867,SalamanderID2025_435
5868,SalamanderID2025_539
5869,SalamanderID2025_145
5870,SalamanderID2025_46
5871,SalamanderID2025_340
5872,SalamanderID2025_565
5873,SalamanderID2025_119
5874,SalamanderID2025_71
5875,SalamanderID2025_99
5876,SalamanderID2025_340
5877,SalamanderID2025_408
5878,SalamanderID2025_300
5879,SalamanderID2025_297
5880,SalamanderID2025_565
5881,SalamanderID2025_327
5882,SalamanderID2025_529
5883,SalamanderID2025_86
5884,SalamanderID2025_305
5885,SalamanderID2025_108
5886,SalamanderID2025_155
5887,SalamanderID2025_626
5888,SalamanderID2025_144
5889,SalamanderID2025_89
5890,SalamanderID2025_357
5891,SalamanderID2025_357
5892,SalamanderID2025_57
5893,SalamanderID2025_355
5894,SalamanderID2025_192
5895,SalamanderID2025_630
5896,SalamanderID2025_600
5897,SalamanderID2025_504
5898,SalamanderID2025_487
5899,SalamanderID2025_618
5900,SalamanderID2025_447
5901,SalamanderID2025_536
5902,SalamanderID2025_480
5903,SalamanderID2025_68
5904,SalamanderID2025_365
5905,SalamanderID2025_582
5906,SalamanderID2025_650
5907,SalamanderID2025_634
5908,SalamanderID2025_471
5909,SalamanderID2025_520
5910,SalamanderID2025_449
5911,SalamanderID2025_160
5912,SalamanderID2025_244
5913,SalamanderID2025_145
5914,SalamanderID2025_580
5915,SalamanderID2025_597
5916,SalamanderID2025_614
5917,SalamanderID2025_480
5918,SalamanderID2025_181
5919,SalamanderID2025_606
5920,SalamanderID2025_266
5921,SalamanderID2025_651
5922,SalamanderID2025_580
5923,SalamanderID2025_213
5924,SalamanderID2025_474
5925,SalamanderID2025_612
5926,SalamanderID2025_577
5927,SalamanderID2025_149
5928,SalamanderID2025_198
5929,SalamanderID2025_346
5930,SalamanderID2025_614
5931,SalamanderID2025_145
5932,SalamanderID2025_577
5933,SalamanderID2025_503
5934,SalamanderID2025_530
5935,SalamanderID2025_545
5936,SalamanderID2025_504
5937,SalamanderID2025_630
5938,SalamanderID2025_564
5939,SalamanderID2025_564
5940,SalamanderID2025_612
5941,SalamanderID2025_535
5942,SalamanderID2025_422
5943,SalamanderID2025_437
5944,SalamanderID2025_357
5945,SalamanderID2025_332
5946,SalamanderID2025_284
5947,SalamanderID2025_337
5948,SalamanderID2025_559
5949,SalamanderID2025_63
5950,SalamanderID2025_436
5951,SalamanderID2025_36
5952,SalamanderID2025_597
5953,SalamanderID2025_233
5954,SalamanderID2025_189
5955,SalamanderID2025_378
5956,SalamanderID2025_461
5957,SalamanderID2025_574
5958,SalamanderID2025_631
5959,SalamanderID2025_601
5960,SalamanderID2025_361
5961,SalamanderID2025_497
5962,SalamanderID2025_611
5963,SalamanderID2025_582
5964,SalamanderID2025_612
5965,SalamanderID2025_651
5966,SalamanderID2025_643
5967,SalamanderID2025_465
5968,SalamanderID2025_238
5969,SalamanderID2025_134
5970,SalamanderID2025_181
5971,SalamanderID2025_368
5972,SalamanderID2025_612
5973,SalamanderID2025_651
5974,SalamanderID2025_289
5975,SalamanderID2025_303
5976,SalamanderID2025_89
5977,SalamanderID2025_199
5978,SalamanderID2025_539
5979,SalamanderID2025_546
14709,SeaTurtleID2022_t141
14710,SeaTurtleID2022_t171
14711,SeaTurtleID2022_t302
14712,SeaTurtleID2022_t101
14713,SeaTurtleID2022_t102
14714,SeaTurtleID2022_t202
14715,SeaTurtleID2022_t245
14716,SeaTurtleID2022_t204
14717,SeaTurtleID2022_t401
14718,SeaTurtleID2022_t270
14719,SeaTurtleID2022_t407
14720,SeaTurtleID2022_t035
14721,SeaTurtleID2022_t270
14722,SeaTurtleID2022_t270
14723,SeaTurtleID2022_t052
14724,SeaTurtleID2022_t257
14725,SeaTurtleID2022_t270
14726,SeaTurtleID2022_t373
14727,SeaTurtleID2022_t037
14728,SeaTurtleID2022_t245
14729,SeaTurtleID2022_t266
14730,SeaTurtleID2022_t254
14731,SeaTurtleID2022_t266
14732,SeaTurtleID2022_t037
14733,SeaTurtleID2022_t141
14734,SeaTurtleID2022_t197
14735,SeaTurtleID2022_t141
14736,SeaTurtleID2022_t079
14737,SeaTurtleID2022_t142
14738,SeaTurtleID2022_t281
14739,SeaTurtleID2022_t086
14740,SeaTurtleID2022_t474
14741,SeaTurtleID2022_t035
14742,SeaTurtleID2022_t241
14743,SeaTurtleID2022_t288
14744,SeaTurtleID2022_t424
14745,SeaTurtleID2022_t029
14746,SeaTurtleID2022_t518
14747,SeaTurtleID2022_t376
14748,SeaTurtleID2022_t101
14749,SeaTurtleID2022_t033
14750,SeaTurtleID2022_t200
14751,SeaTurtleID2022_t257
14752,SeaTurtleID2022_t453
14753,SeaTurtleID2022_t156
14754,SeaTurtleID2022_t141
14755,SeaTurtleID2022_t033
14756,SeaTurtleID2022_t141
14757,SeaTurtleID2022_t309
14758,SeaTurtleID2022_t043
14759,SeaTurtleID2022_t427
14760,SeaTurtleID2022_t104
14761,SeaTurtleID2022_t250
14762,SeaTurtleID2022_t023
14763,SeaTurtleID2022_t141
14764,SeaTurtleID2022_t528
14765,SeaTurtleID2022_t033
14766,SeaTurtleID2022_t493
14767,SeaTurtleID2022_t137
14768,SeaTurtleID2022_t028
14769,SeaTurtleID2022_t357
14770,SeaTurtleID2022_t102
14771,SeaTurtleID2022_t500
14772,SeaTurtleID2022_t377
14773,SeaTurtleID2022_t309
14774,SeaTurtleID2022_t029
14775,SeaTurtleID2022_t232
14776,SeaTurtleID2022_t166
14777,SeaTurtleID2022_t065
14778,SeaTurtleID2022_t230
14779,SeaTurtleID2022_t276
14780,SeaTurtleID2022_t263
14781,SeaTurtleID2022_t584
14782,SeaTurtleID2022_t295
14783,SeaTurtleID2022_t352
14784,SeaTurtleID2022_t386
14785,SeaTurtleID2022_t288
14786,SeaTurtleID2022_t125
14787,SeaTurtleID2022_t309
14788,SeaTurtleID2022_t175
14789,SeaTurtleID2022_t104
14790,SeaTurtleID2022_t141
14791,SeaTurtleID2022_t020
14792,SeaTurtleID2022_t238
14793,SeaTurtleID2022_t257
14794,SeaTurtleID2022_t146
14795,SeaTurtleID2022_t254
14796,SeaTurtleID2022_t292
14797,SeaTurtleID2022_t312
14798,SeaTurtleID2022_t141
14799,SeaTurtleID2022_t052
14800,SeaTurtleID2022_t099
14801,SeaTurtleID2022_t468
14802,SeaTurtleID2022_t426
14803,LynxID2025_lynx_56
14804,SeaTurtleID2022_t243
14805,SeaTurtleID2022_t417
14806,SeaTurtleID2022_t230
14807,SeaTurtleID2022_t305
14808,SeaTurtleID2022_t243
14809,SeaTurtleID2022_t266
14810,SeaTurtleID2022_t141
14811,SeaTurtleID2022_t241
14812,SeaTurtleID2022_t329
14813,SeaTurtleID2022_t584
14814,SeaTurtleID2022_t158
14815,SeaTurtleID2022_t417
14816,SeaTurtleID2022_t191
14817,SeaTurtleID2022_t424
14818,SeaTurtleID2022_t412
14819,SeaTurtleID2022_t553
14820,SeaTurtleID2022_t037
14821,SeaTurtleID2022_t033
14822,SeaTurtleID2022_t094
14823,SeaTurtleID2022_t014
14824,SeaTurtleID2022_t254
14825,SeaTurtleID2022_t232
14826,SeaTurtleID2022_t386
14827,SeaTurtleID2022_t281
14828,SeaTurtleID2022_t276
14829,SeaTurtleID2022_t327
14830,SeaTurtleID2022_t380
14831,SeaTurtleID2022_t245
14832,SeaTurtleID2022_t202
14833,SeaTurtleID2022_t376
14834,SeaTurtleID2022_t174
14835,SeaTurtleID2022_t167
14836,SeaTurtleID2022_t316
14837,SeaTurtleID2022_t076
14838,SeaTurtleID2022_t166
14839,SeaTurtleID2022_t141
14840,SeaTurtleID2022_t206
14841,SeaTurtleID2022_t023
14842,SeaTurtleID2022_t396
14843,SeaTurtleID2022_t132
14844,SeaTurtleID2022_t070
14845,SeaTurtleID2022_t064
14846,SeaTurtleID2022_t175
14847,SeaTurtleID2022_t208
14848,SeaTurtleID2022_t305
14849,SeaTurtleID2022_t421
14850,SeaTurtleID2022_t392
14851,SeaTurtleID2022_t497
14852,SeaTurtleID2022_t396
14853,SeaTurtleID2022_t085
14854,SeaTurtleID2022_t459
14855,SeaTurtleID2022_t023
14856,SeaTurtleID2022_t373
14857,SeaTurtleID2022_t171
14858,SeaTurtleID2022_t283
14859,SeaTurtleID2022_t175
14860,SeaTurtleID2022_t309
14861,SeaTurtleID2022_t028
14862,SeaTurtleID2022_t166
14863,SeaTurtleID2022_t232
14864,SeaTurtleID2022_t137
14865,SeaTurtleID2022_t004
14866,SeaTurtleID2022_t003
14867,SeaTurtleID2022_t473
14868,SeaTurtleID2022_t141
14869,SeaTurtleID2022_t064
14870,SeaTurtleID2022_t061
14871,SeaTurtleID2022_t471
14872,SeaTurtleID2022_t141
14873,SeaTurtleID2022_t468
14874,SeaTurtleID2022_t204
14875,SeaTurtleID2022_t141
14876,SeaTurtleID2022_t104
14877,SeaTurtleID2022_t235
14878,SeaTurtleID2022_t600
14879,SeaTurtleID2022_t249
14880,SeaTurtleID2022_t283
14881,SeaTurtleID2022_t243
14882,SeaTurtleID2022_t302
14883,SeaTurtleID2022_t062
14884,SeaTurtleID2022_t386
14885,SeaTurtleID2022_t263
14886,SeaTurtleID2022_t067
14887,SeaTurtleID2022_t033
14888,SeaTurtleID2022_t083
14889,SeaTurtleID2022_t376
14890,SeaTurtleID2022_t246
14891,SeaTurtleID2022_t238
14892,SeaTurtleID2022_t119
14893,SeaTurtleID2022_t421
14894,SeaTurtleID2022_t094
14895,SeaTurtleID2022_t077
14896,SeaTurtleID2022_t432
14897,SeaTurtleID2022_t020
14898,SeaTurtleID2022_t276
14899,SeaTurtleID2022_t411
14900,SeaTurtleID2022_t358
14901,SeaTurtleID2022_t405
14902,SeaTurtleID2022_t232
14903,SeaTurtleID2022_t426
14904,SeaTurtleID2022_t099
14905,SeaTurtleID2022_t174
14906,SeaTurtleID2022_t421
14907,SeaTurtleID2022_t421
14908,SeaTurtleID2022_t037
14909,SeaTurtleID2022_t497
14910,SeaTurtleID2022_t102
14911,SeaTurtleID2022_t239
14912,SeaTurtleID2022_t287
14913,SeaTurtleID2022_t097
14914,SeaTurtleID2022_t412
14915,SeaTurtleID2022_t073
14916,SeaTurtleID2022_t240
14917,SeaTurtleID2022_t029
14918,SeaTurtleID2022_t257
14919,SeaTurtleID2022_t410
14920,SeaTurtleID2022_t261
14921,SeaTurtleID2022_t234
14922,SeaTurtleID2022_t518
14923,SeaTurtleID2022_t478
14924,SeaTurtleID2022_t600
14925,SeaTurtleID2022_t078
14926,SeaTurtleID2022_t043
14927,SeaTurtleID2022_t141
14928,SeaTurtleID2022_t157
14929,SeaTurtleID2022_t080
14930,SeaTurtleID2022_t174
14931,SeaTurtleID2022_t243
14932,SeaTurtleID2022_t067
14933,SeaTurtleID2022_t373
14934,SeaTurtleID2022_t283
14935,SeaTurtleID2022_t204
14936,SeaTurtleID2022_t208
14937,SeaTurtleID2022_t067
14938,SeaTurtleID2022_t474
14939,SeaTurtleID2022_t029
14940,SeaTurtleID2022_t003
14941,SeaTurtleID2022_t101
14942,SeaTurtleID2022_t263
14943,SeaTurtleID2022_t230
14944,SeaTurtleID2022_t600
14945,SeaTurtleID2022_t473
14946,SeaTurtleID2022_t202
14947,SeaTurtleID2022_t085
14948,SeaTurtleID2022_t076
14949,SeaTurtleID2022_t468
14950,SeaTurtleID2022_t229
14951,SeaTurtleID2022_t380
14952,SeaTurtleID2022_t319
14953,SeaTurtleID2022_t468
14954,SeaTurtleID2022_t020
14955,SeaTurtleID2022_t021
14956,SeaTurtleID2022_t116
14957,SeaTurtleID2022_t132
14958,SeaTurtleID2022_t155
14959,SeaTurtleID2022_t283
14960,SeaTurtleID2022_t035
14961,SeaTurtleID2022_t197
14962,SeaTurtleID2022_t250
14963,SeaTurtleID2022_t230
14964,SeaTurtleID2022_t257
14965,SeaTurtleID2022_t141
14966,SeaTurtleID2022_t116
14967,SeaTurtleID2022_t085
14968,SeaTurtleID2022_t099
14969,SeaTurtleID2022_t014
14970,SeaTurtleID2022_t232
14971,SeaTurtleID2022_t553
14972,SeaTurtleID2022_t080
14973,SeaTurtleID2022_t257
14974,SeaTurtleID2022_t287
14975,SeaTurtleID2022_t244
14976,SeaTurtleID2022_t023
14977,SeaTurtleID2022_t232
14978,SeaTurtleID2022_t240
14979,SeaTurtleID2022_t421
14980,SeaTurtleID2022_t260
14981,SeaTurtleID2022_t234
14982,SeaTurtleID2022_t142
14983,SeaTurtleID2022_t014
14984,SeaTurtleID2022_t285
14985,SeaTurtleID2022_t289
14986,SeaTurtleID2022_t261
14987,SeaTurtleID2022_t139
14988,SeaTurtleID2022_t234
14989,SeaTurtleID2022_t104
14990,SeaTurtleID2022_t243
14991,SeaTurtleID2022_t028
14992,SeaTurtleID2022_t305
14993,SeaTurtleID2022_t065
14994,SeaTurtleID2022_t240
14995,SeaTurtleID2022_t092
14996,SeaTurtleID2022_t393
14997,SeaTurtleID2022_t226
14998,SeaTurtleID2022_t453
14999,SeaTurtleID2022_t424
15000,SeaTurtleID2022_t568
15001,SeaTurtleID2022_t020
15002,SeaTurtleID2022_t208
15003,SeaTurtleID2022_t192
15004,SeaTurtleID2022_t329
15005,SeaTurtleID2022_t021
15006,SeaTurtleID2022_t263
15007,SeaTurtleID2022_t035
15008,SeaTurtleID2022_t077
15009,SeaTurtleID2022_t171
15010,SeaTurtleID2022_t240
15011,SeaTurtleID2022_t544
15012,SeaTurtleID2022_t104
15013,SeaTurtleID2022_t300
15014,SeaTurtleID2022_t014
15015,SeaTurtleID2022_t029
15016,SeaTurtleID2022_t174
15017,SeaTurtleID2022_t496
15018,SeaTurtleID2022_t077
15019,SeaTurtleID2022_t386
15020,SeaTurtleID2022_t101
15021,SeaTurtleID2022_t259
15022,SeaTurtleID2022_t158
15023,SeaTurtleID2022_t276
15024,SeaTurtleID2022_t417
15025,SeaTurtleID2022_t025
15026,SeaTurtleID2022_t099
15027,SeaTurtleID2022_t159
15028,SeaTurtleID2022_t287
15029,SeaTurtleID2022_t080
15030,SeaTurtleID2022_t421
15031,SeaTurtleID2022_t492
15032,SeaTurtleID2022_t396
15033,SeaTurtleID2022_t208
15034,SeaTurtleID2022_t172
15035,SeaTurtleID2022_t355
15036,SeaTurtleID2022_t033
15037,SeaTurtleID2022_t528
15038,SeaTurtleID2022_t283
15039,SeaTurtleID2022_t070
15040,SeaTurtleID2022_t318
15041,SeaTurtleID2022_t053
15042,SeaTurtleID2022_t068
15043,SeaTurtleID2022_t025
15044,SeaTurtleID2022_t028
15045,SeaTurtleID2022_t158
15046,SeaTurtleID2022_t175
15047,SeaTurtleID2022_t061
15048,SeaTurtleID2022_t261
15049,SeaTurtleID2022_t407
15050,SeaTurtleID2022_t200
15051,SeaTurtleID2022_t141
15052,SeaTurtleID2022_t200
15053,SeaTurtleID2022_t497
15054,SeaTurtleID2022_t099
15055,SeaTurtleID2022_t600
15056,SeaTurtleID2022_t439
15057,SeaTurtleID2022_t257
15058,SeaTurtleID2022_t453
15059,SeaTurtleID2022_t202
15060,SeaTurtleID2022_t373
15061,SeaTurtleID2022_t245
15062,SeaTurtleID2022_t234
15063,SeaTurtleID2022_t248
15064,SeaTurtleID2022_t261
15065,SeaTurtleID2022_t328
15066,SeaTurtleID2022_t417
15067,SeaTurtleID2022_t174
15068,SeaTurtleID2022_t085
15069,SeaTurtleID2022_t301
15070,SeaTurtleID2022_t393
15071,SeaTurtleID2022_t238
15072,SeaTurtleID2022_t232
15073,SeaTurtleID2022_t086
15074,SeaTurtleID2022_t528
15075,SeaTurtleID2022_t374
15076,SeaTurtleID2022_t392
15077,SeaTurtleID2022_t094
15078,SeaTurtleID2022_t288
15079,SeaTurtleID2022_t050
15080,SeaTurtleID2022_t155
15081,SeaTurtleID2022_t043
15082,SeaTurtleID2022_t266
15083,SeaTurtleID2022_t215
15084,SeaTurtleID2022_t202
15085,SeaTurtleID2022_t417
15086,SeaTurtleID2022_t266
15087,SeaTurtleID2022_t259
15088,SeaTurtleID2022_t468
15089,SeaTurtleID2022_t415
15090,SeaTurtleID2022_t420
15091,SeaTurtleID2022_t281
15092,SeaTurtleID2022_t241
15093,SeaTurtleID2022_t567
15094,SeaTurtleID2022_t468
15095,SeaTurtleID2022_t270
15096,SeaTurtleID2022_t228
15097,SeaTurtleID2022_t221
15098,SeaTurtleID2022_t567
15099,SeaTurtleID2022_t226
15100,SeaTurtleID2022_t259
15101,SeaTurtleID2022_t037
15102,SeaTurtleID2022_t584
15103,SeaTurtleID2022_t276
15104,SeaTurtleID2022_t283
15105,SeaTurtleID2022_t040
15106,SeaTurtleID2022_t230
15107,SeaTurtleID2022_t421
15108,SeaTurtleID2022_t076
15109,SeaTurtleID2022_t066
15110,SeaTurtleID2022_t237
15111,SeaTurtleID2022_t386
15112,SeaTurtleID2022_t077
15113,SeaTurtleID2022_t302
15114,SeaTurtleID2022_t043
15115,SeaTurtleID2022_t085
15116,SeaTurtleID2022_t260
15117,SeaTurtleID2022_t424
15118,SeaTurtleID2022_t166
15119,SeaTurtleID2022_t276
15120,SeaTurtleID2022_t182
15121,SeaTurtleID2022_t077
15122,SeaTurtleID2022_t468
15123,SeaTurtleID2022_t409
15124,SeaTurtleID2022_t570
15125,SeaTurtleID2022_t142
15126,SeaTurtleID2022_t600
15127,SeaTurtleID2022_t138
15128,SeaTurtleID2022_t102
15129,SeaTurtleID2022_t080
15130,SeaTurtleID2022_t301
15131,SeaTurtleID2022_t025
15132,SeaTurtleID2022_t493
15133,SeaTurtleID2022_t094
15134,SeaTurtleID2022_t301
15135,SeaTurtleID2022_t410
15136,SeaTurtleID2022_t392
15137,SeaTurtleID2022_t067
15138,SeaTurtleID2022_t271
15139,SeaTurtleID2022_t073
15140,SeaTurtleID2022_t035
15141,SeaTurtleID2022_t106
15142,SeaTurtleID2022_t417
15143,SeaTurtleID2022_t230
15144,SeaTurtleID2022_t037
15145,SeaTurtleID2022_t276
15146,SeaTurtleID2022_t316
15147,SeaTurtleID2022_t386
15148,SeaTurtleID2022_t234
15149,SeaTurtleID2022_t141
15150,SeaTurtleID2022_t146
15151,SeaTurtleID2022_t590
15152,SeaTurtleID2022_t197
15153,SeaTurtleID2022_t493
15154,SeaTurtleID2022_t263
15155,SeaTurtleID2022_t239
15156,SeaTurtleID2022_t232
15157,SeaTurtleID2022_t471
15158,SeaTurtleID2022_t303
15159,SeaTurtleID2022_t180
15160,SeaTurtleID2022_t175
15161,SeaTurtleID2022_t423
15162,SeaTurtleID2022_t062
15163,SeaTurtleID2022_t080
15164,SeaTurtleID2022_t524
15165,SeaTurtleID2022_t101
15166,SeaTurtleID2022_t589
15167,SeaTurtleID2022_t232
15168,SeaTurtleID2022_t099
15169,SeaTurtleID2022_t104
15170,SeaTurtleID2022_t254
15171,SeaTurtleID2022_t026
15172,SeaTurtleID2022_t492
15173,SeaTurtleID2022_t035
15174,SeaTurtleID2022_t142
15175,SeaTurtleID2022_t155
15176,SeaTurtleID2022_t410
15177,SeaTurtleID2022_t065
15178,SeaTurtleID2022_t159
15179,SeaTurtleID2022_t453
15180,SeaTurtleID2022_t407
15181,SeaTurtleID2022_t085
15182,SeaTurtleID2022_t021
15183,SeaTurtleID2022_t276
15184,SeaTurtleID2022_t090
15185,SeaTurtleID2022_t286
15186,SeaTurtleID2022_t245
15187,SeaTurtleID2022_t094
15188,SeaTurtleID2022_t080
15189,SeaTurtleID2022_t401
15190,SeaTurtleID2022_t159
15191,SeaTurtleID2022_t591
15192,SeaTurtleID2022_t322
15193,SeaTurtleID2022_t410
15194,SeaTurtleID2022_t586
15195,SeaTurtleID2022_t553
15196,SeaTurtleID2022_t037
15197,SeaTurtleID2022_t171
15198,SeaTurtleID2022_t099
15199,SeaTurtleID2022_t295
15200,SeaTurtleID2022_t080
15201,SeaTurtleID2022_t192
15202,SeaTurtleID2022_t119
15203,SeaTurtleID2022_t146
15204,SeaTurtleID2022_t312
15205,SeaTurtleID2022_t057
15206,SeaTurtleID2022_t202
15207,SeaTurtleID2022_t022
15208,SeaTurtleID2022_t238
